CD,CL,CMx,CMy,CMz,Mach
0.0009401455011,7.684165804e-12,-3.684339595e-05,1.73013189e-05,0.005581786544,0.75
