CD,CL,CMx,CMy,CMz,Mach
0.001268585289,0.07328537848,0.03888472554,-0.0161947552,0.004910848949,0.6
0.0016984228,0.09999074276,0.05307285502,-0.0221089602,0.00550419684,0.6
0.004412421483,0.1999684341,0.1062232683,-0.04421536523,0.009382988905,0.6
0.009103093864,0.2999597127,0.159448901,-0.06619301537,0.01571123067,0.6
0.001303725252,0.07529722175,0.03992812536,-0.01658256075,0.005260774514,0.65
